artist_id,artist_name,nb_album,nb_fan,fan_band
2,The Clash,15,1661010,500K-5M
3,Snoop Dogg,202,7962166,Over 5M
9,Outkast,28,917514,500K-5M
11,The Rolling Stones,125,7097592,Over 5M
13,Eminem,68,19111164,Over 5M
14,Gorillaz,84,3017251,500K-5M
17,Usher,66,7218259,Over 5M
19,Right Said Fred,67,9131,1K-50K
27,Daft Punk,38,5207600,Over 5M
39,Survivor,11,261255,50K-500K
52,Green Day,85,5236059,Over 5M
65,Mariah Carey,120,3449504,500K-5M
66,50 Cent,59,7864905,Over 5M
67,KISS,72,2899350,500K-5M
70,Juanes,104,1624653,500K-5M
81,The Chemical Brothers,94,1456933,500K-5M
91,Missy Elliott,26,844030,500K-5M
98,Evanescence,28,3782463,500K-5M
99,Coolio,25,277920,50K-500K
102,Chris Brown,119,9074335,Over 5M
103,Pharrell Williams,46,3231963,500K-5M
105,Nelly,55,1606839,500K-5M
112,Marc Anthony,43,2605329,500K-5M
113,Rage Against the Machine,10,1977518,500K-5M
115,AC/DC,27,9935817,Over 5M
116,Christina Aguilera,29,3911142,500K-5M
117,Slipknot,40,4141835,500K-5M
119,Metallica,70,8154651,Over 5M
129,R.E.M.,54,2663367,500K-5M
145,Beyoncé,66,12834996,Over 5M
152,Mary J. Blige,83,1524219,500K-5M
160,Shakira,68,11715061,Over 5M
164,Lou Bega,22,33553,1K-50K
165,UB40,36,1177378,500K-5M
166,Stevie Wonder,52,2441357,500K-5M
169,Fleetwood Mac,56,1668230,500K-5M
170,Bryan Adams,77,1751198,500K-5M
174,Whitney Houston,53,3925326,500K-5M
175,Eurythmics,50,824522,500K-5M
181,Talking Heads,32,446066,50K-500K
182,Red Hot Chili Peppers,52,7696473,Over 5M
183,TLC,30,615255,500K-5M
186,Phil Collins,36,2840200,500K-5M
189,Lenny Kravitz,40,1877910,500K-5M
191,Ginuwine,28,273398,50K-500K
192,Eric Clapton,76,2807857,500K-5M
199,Bonnie Raitt,33,45095,1K-50K
207,Electric Light Orchestra,22,473570,50K-500K
210,Eagles,30,1390076,500K-5M
215,Toto,25,980107,500K-5M
229,Sly & The Family Stone,32,120620,50K-500K
248,"Earth, Wind & Fire",34,1266103,500K-5M
258,Montell Jordan,23,63137,50K-500K
259,Michael Jackson,38,13129182,Over 5M
262,Janet Jackson,55,1289949,500K-5M
290,Madonna,145,4907195,500K-5M
305,Kool & The Gang,48,931521,500K-5M
313,John Legend,90,3555020,500K-5M
317,Meat Loaf,27,154625,50K-500K
333,Tim McGraw,45,379170,50K-500K
338,Nickelback,33,3181025,500K-5M
347,Kenny Chesney,49,328973,50K-500K
369,Air,39,341405,50K-500K
385,Kings of Leon,29,2393720,500K-5M
399,Radiohead,45,4091973,500K-5M
409,blink-182,41,2333123,500K-5M
418,Weezer,70,730187,500K-5M
425,Blondie,59,822303,500K-5M
434,Tiësto,376,4093489,500K-5M
458,System of a Down,10,5802234,Over 5M
464,Rammstein,51,2724504,500K-5M
500,Zapp & Roger,4,32276,1K-50K
511,Candy Dulfer,25,40409,1K-50K
520,*NSYNC,15,309327,50K-500K
521,Luther Vandross,32,575777,500K-5M
523,Kenny G,39,406198,50K-500K
527,Extreme,18,98743,50K-500K
533,Judas Priest,40,1249630,500K-5M
542,David Guetta,382,20109932,Over 5M
561,Delerium,27,20919,1K-50K
564,Rihanna,90,18053051,Over 5M
566,Foo Fighters,44,4589186,500K-5M
596,Duran Duran,103,1285632,500K-5M
614,Bing Crosby,69,155491,50K-500K
617,Frank Sinatra,89,2483951,500K-5M
620,Etta James,53,1174089,500K-5M
629,Fugees,6,451390,50K-500K
636,The White Stripes,33,1319733,500K-5M
637,Bon Jovi,69,5274131,Over 5M
652,Pixies,47,1104932,500K-5M
663,Guns N' Roses,23,8596822,Over 5M
666,Gary Moore,43,326676,50K-500K
689,TOOL,7,539036,500K-5M
692,Blue Öyster Cult,51,143072,50K-500K
700,Aventura,71,2077958,500K-5M
719,Bob Marley & The Wailers,83,12295520,Over 5M
725,Don Omar,69,4035268,500K-5M
732,The Isley Brothers,46,455720,50K-500K
763,Dr. Dre,22,4484745,500K-5M
816,Lynyrd Skynyrd,53,1046259,500K-5M
819,John Mayall & The Bluesbreakers,42,107295,50K-500K
823,Ozzy Osbourne,32,2603100,500K-5M
848,Led Zeppelin,30,5539616,Over 5M
849,Jimi Hendrix,44,4264118,500K-5M
860,Pink Floyd,64,6816725,Over 5M
892,Coldplay,124,18388831,Over 5M
896,Jack Johnson,42,1169886,500K-5M
897,The Killers,43,2237482,500K-5M
927,Oasis,64,4697742,500K-5M
947,Bright Eyes,40,48358,1K-50K
959,Plain White T's,34,140742,50K-500K
997,David Bowie,166,2457735,500K-5M
1005,Aerosmith,36,5331510,Over 5M
1009,Lou Reed,38,510517,500K-5M
1016,Nightcrawlers,20,27388,1K-50K
1039,Cat Power,30,169844,50K-500K
1049,Kate Bush,20,398180,50K-500K
1064,Hot Chocolate,11,19800,1K-50K
1118,Bill Withers,16,452001,50K-500K
1125,Elvis Presley,74,3266829,500K-5M
1126,Dean Martin,68,371013,50K-500K
1134,Peggy Lee,68,241049,50K-500K
1147,Justin Timberlake,43,6709767,Over 5M
1151,Tangerine Dream,121,58176,50K-500K
1154,Marvin Gaye,81,1940417,500K-5M
1156,Steely Dan,20,137588,50K-500K
1159,John Lee Hooker,66,1378364,500K-5M
1168,Van Halen,43,1808022,500K-5M
1182,Arctic Monkeys,35,4959092,500K-5M
1192,Tears for Fears,35,1187708,500K-5M
1205,Mudvayne,15,211341,50K-500K
1252,Velvet Revolver,7,150500,50K-500K
1293,Astrud Gilberto,27,147266,50K-500K
1297,The Smiths,15,1503112,500K-5M
1309,JAY Z,65,3576190,500K-5M
1327,KoЯn,41,2622631,500K-5M
1339,Lead Belly,46,14038,1K-50K
1340,The Shins,28,93397,50K-500K
1342,Ray Charles,28,2931519,500K-5M
1379,Neil Young,176,829249,500K-5M
1398,Wilson Pickett,28,66056,50K-500K
1436,J.J. Cale,18,269341,50K-500K
1439,Sheryl Crow,63,217922,50K-500K
1444,Seal,65,588804,500K-5M
1454,Tina Turner,68,1655097,500K-5M
1461,Sin Bandera,23,1039834,500K-5M
1536,Ennio Morricone,202,686163,500K-5M
1602,Aimee Mann,30,22501,1K-50K
1622,James Brown,120,1444655,500K-5M
1653,Iron & Wine,40,108869,50K-500K
1668,Soft Cell,74,363333,50K-500K
1695,Tegan and Sara,56,85096,50K-500K
1723,Jefferson Airplane,26,219761,50K-500K
1743,The B-52's,26,100832,50K-500K
1760,Toni Braxton,37,934703,500K-5M
1785,Grateful Dead,242,135801,50K-500K
1878,Prince,93,1365068,500K-5M
1893,Rita Lee,43,976385,500K-5M
1903,Europe,25,857575,500K-5M
1918,Bebel Gilberto,24,43074,1K-50K
1968,Vinicius de Moraes,6,277898,50K-500K
1981,The Police,19,3321919,500K-5M
1999,Sufjan Stevens,57,269866,50K-500K
2025,Cyndi Lauper,36,1048493,500K-5M
2027,Curtis Mayfield,47,204861,50K-500K
2044,Tosca,57,29822,1K-50K
2056,Erykah Badu,29,425369,50K-500K
2075,Semisonic,20,38133,1K-50K
2077,Gilberto Gil,155,939534,500K-5M
2105,Canned Heat,33,231090,50K-500K
2108,Bonobo,57,364862,50K-500K
2110,Tom Petty and the Heartbreakers,45,233097,50K-500K
2111,Billy Idol,41,605426,500K-5M
2118,Danzig,6,89760,50K-500K
2159,Pat Benatar,18,104818,50K-500K
2245,Thomas Newman,71,232880,50K-500K
2252,The Gladiators,16,290665,50K-500K
2281,Bob Seger & The Silver Bullet Band,12,26347,1K-50K
2320,Israel Vibration,28,274771,50K-500K
2325,Burning Spear,16,445003,50K-500K
2326,Peter Tosh,23,710451,500K-5M
2327,Barrington Levy,47,340576,50K-500K
2360,Rose Royce,16,32711,1K-50K
2361,Soul II Soul,28,43466,1K-50K
2364,Heavy D & The Boyz,10,9718,1K-50K
2369,Al Green,39,444647,50K-500K
2374,Lucy Pearl,0,13712,1K-50K
2380,SWV,12,161494,50K-500K
2397,Sister Sledge,20,152174,50K-500K
2398,Maze,17,41934,1K-50K
2425,Jimmy Cliff,28,1037311,500K-5M
2451,Bobby Womack,33,114431,50K-500K
2468,Creedence Clearwater Revival,20,1594608,500K-5M
2473,Third Eye Blind,44,73389,50K-500K
2483,The Black Keys,52,1096798,500K-5M
2489,New Radicals,3,30519,1K-50K
2523,Bone Thugs-N-Harmony,34,332605,50K-500K
2542,House of Pain,8,160695,50K-500K
2557,Def Leppard,58,891627,500K-5M
2562,Dr. Hook,13,15033,1K-50K
2579,DJ Jazzy Jeff & The Fresh Prince,10,36783,1K-50K
2620,Ray J,85,17317,1K-50K
2649,Jermaine Dupri,24,39688,1K-50K
2666,Galt MacDermot,78,7769,1K-50K
2681,Leonard Bernstein,365,241908,50K-500K
2706,Gary Numan,108,32027,1K-50K
2711,Yes,85,312804,50K-500K
2764,The Heptones,58,25436,1K-50K
2789,Ricky Martin,68,2216065,500K-5M
2792,Enrique Iglesias,93,5956711,Over 5M
2833,Chuck Berry,29,731472,500K-5M
2887,The Proclaimers,26,26841,1K-50K
2945,Otis Redding,39,1038639,500K-5M
2969,Pantera,15,1618145,500K-5M
3004,Twisted Sister,3,374683,50K-500K
3019,Skid Row,23,445146,50K-500K
3106,a-ha,43,1173199,500K-5M
3109,Vanilla Ice,20,54169,50K-500K
3120,Robert Johnson,6,348036,50K-500K
3132,Everclear,29,18816,1K-50K
3156,Cher,88,562197,500K-5M
3183,Culture Club,33,208279,50K-500K
3214,Caifanes,11,857481,500K-5M
3239,Bobby Darin,48,95165,50K-500K
3240,Sixpence None the Richer,26,107327,50K-500K
3351,Steve Miller Band,33,100462,50K-500K
3381,Journey,28,661945,500K-5M
3427,Winger,17,26705,1K-50K
3438,Blind Melon,14,96220,50K-500K
3469,Sia,161,8712706,Over 5M
3487,Megadeth,47,1797765,500K-5M
3499,Freestylers,81,29200,1K-50K
3509,The Band,36,72609,50K-500K
3517,Citizen King,2,690,Under 1K
3604,The Abyssinians,14,26310,1K-50K
3606,Yellowman,30,40588,1K-50K
3614,B.B. King,55,1704347,500K-5M
3839,Daddy Yankee,113,7161031,Over 5M
3847,Axwell,78,625142,500K-5M
3853,Milky,12,1642,1K-50K
3855,Kenny Loggins,23,111993,50K-500K
3998,Matthew West,90,65909,50K-500K
4085,Antônio Carlos Jobim,43,570383,500K-5M
4091,Susan Tedeschi,12,24428,1K-50K
4123,"Grover Washington, Jr.",33,81179,50K-500K
4192,Albert King,38,252997,50K-500K
4312,Las Ketchup,8,28998,1K-50K
4331,Ludovico Einaudi,145,1447152,500K-5M
4345,Soda Stereo,24,1773517,500K-5M
4370,Anita Baker,9,206874,50K-500K
4386,Squeeze,33,15293,1K-50K
4388,Carrie Underwood,40,516547,500K-5M
4418,Taj Mahal,64,93534,50K-500K
4435,Stone Temple Pilots,16,606069,500K-5M
4492,Ronny Jordan,11,9786,1K-50K
4511,Desmond Dekker,23,63025,50K-500K
4576,Kaskade,251,172099,50K-500K
4660,The Knack,5,11315,1K-50K
4699,Diana Ross,69,1008678,500K-5M
4720,Milton Nascimento,65,555640,500K-5M
4726,Philip Glass,100,226231,50K-500K
4757,Bob James,63,30123,1K-50K
4762,Bruce Springsteen,95,1807504,500K-5M
4913,Phyllis Dillon,9,8826,1K-50K
4914,The Paul Butterfield Blues Band,12,21178,1K-50K
4929,Manu Dibango,41,68975,50K-500K
5004,D'Angelo,7,158870,50K-500K
5057,Miranda Lambert,53,305926,50K-500K
5091,Rick James,24,129348,50K-500K
5130,Ray Barretto,40,57383,50K-500K
5168,João Gilberto,13,335258,50K-500K
5219,Eartha Kitt,17,16848,1K-50K
5290,White Lion,18,47077,1K-50K
5348,Johnny Osbourne,84,14625,1K-50K
5356,Stanley Jordan,20,16769,1K-50K
5359,Wolfmother,20,143462,50K-500K
5414,Muddy Waters,23,1462533,500K-5M
5426,Little Walter,8,162942,50K-500K
5428,Charlie Musselwhite,38,43496,1K-50K
5484,Buckwheat Zydeco,16,1043,1K-50K
5551,Incognito,53,101576,50K-500K
5644,Selena,32,605556,500K-5M
5679,Randy Newman,57,111386,50K-500K
5732,Quiet Riot,32,156847,50K-500K
5833,Stacey Q,13,2628,1K-50K
5854,Itzhak Perlman,188,198473,50K-500K
5858,Eric Burdon,47,17238,1K-50K
5871,Toots & The Maytals,19,468044,50K-500K
5894,Young MC,28,4358,1K-50K
6053,Lonnie Liston Smith,18,5595,1K-50K
6070,Damn Yankees,2,24806,1K-50K
6121,Alexandre Pires,69,1208667,500K-5M
6180,Perry Como,45,34655,1K-50K
6205,"Crosby, Stills & Nash",11,85037,50K-500K
6243,The Pointer Sisters,26,378507,50K-500K
6292,R.L. Burnside,17,34491,1K-50K
6321,Chris Botti,21,37065,1K-50K
6404,Justice,43,808653,500K-5M
6471,The Allman Brothers Band,42,132990,50K-500K
6487,"Bobby ""Blue"" Bland",16,11985,1K-50K
6493,Fatback Band,47,2117,1K-50K
6542,Steel Pulse,32,231269,50K-500K
6707,Luis Fonsi,112,3148914,500K-5M
6729,Tego Calderón,26,831093,500K-5M
7023,Idina Menzel,53,164062,50K-500K
7054,Sister Nancy,13,20901,1K-50K
7056,Dennis Brown,12,263294,50K-500K
7065,Gregory Isaacs,52,790065,500K-5M
7076,The Ethiopians,0,13832,1K-50K
7082,John Holt,335,65208,50K-500K
7086,Alton Ellis,39,46829,1K-50K
7205,Raffi,42,7396,1K-50K
7235,The Marshall Tucker Band,38,13260,1K-50K
7359,Heart,30,124579,50K-500K
7426,Lalah Hathaway,39,25643,1K-50K
7432,Lee Ritenour,37,43817,1K-50K
7499,Dave Koz,61,76558,50K-500K
7548,Bell Biv DeVoe,11,38318,1K-50K
7552,Randy Crawford,23,57749,50K-500K
7554,Najee,55,6618,1K-50K
7555,Earl Klugh,36,34650,1K-50K
7559,Joe Sample,25,32784,1K-50K
7565,Chuck Loeb,24,7804,1K-50K
7592,The Staple Singers,29,14342,1K-50K
7613,Roberto Carlos,99,2055831,500K-5M
7740,The Bellamy Brothers,8,11843,1K-50K
7743,The Outfield,14,90004,50K-500K
7796,Little Big Town,45,136042,50K-500K
7830,Jason Aldean,42,401018,50K-500K
8026,Nightmares on Wax,83,54248,50K-500K
8306,MC Hammer,20,70086,50K-500K
8424,Skip James,4,35112,1K-50K
8584,Brass Construction,31,8183,1K-50K
8588,Bobby Byrd,8,3043,1K-50K
8631,Harold Faltermeyer,4,15943,1K-50K
8636,Delbert McClinton,40,1761,1K-50K
8661,Tito Puente,178,96399,50K-500K
8680,Buddy Guy,62,484004,50K-500K
8741,Dolly Parton,146,454975,50K-500K
8793,Pepe Aguilar,81,596885,500K-5M
8807,Gwen McCrae,30,8898,1K-50K
8846,Tevin Campbell,5,77609,50K-500K
8885,Biz Markie,7,11990,1K-50K
8923,Q-Tip,11,52912,50K-500K
8989,Big Mama Thornton,3,68053,50K-500K
8992,Koko Taylor,18,58838,50K-500K
9032,Marco Antonio Solís,51,1710000,500K-5M
9052,Amy Winehouse,22,3870412,500K-5M
9106,Love and Rockets,25,10728,1K-50K
9109,Tyrese,21,158903,50K-500K
9120,Quad City DJ's,9,1607,1K-50K
9126,The Congos,15,48475,1K-50K
9131,Delroy Wilson,3,7322,1K-50K
9132,The Mighty Diamonds,12,28210,1K-50K
9143,Orchestra Baobab,23,23194,1K-50K
9219,Disney,91,418026,50K-500K
9261,Bobby Caldwell,46,19442,1K-50K
9383,Brian Culbertson,41,31808,1K-50K
9393,Freddie Jackson,20,68360,50K-500K
9440,Fela Kuti,88,204437,50K-500K
9450,Hugh Mundell,6,7062,1K-50K
9501,Andrew Gold,40,7264,1K-50K
9523,Mississippi Fred McDowell,41,16829,1K-50K
9672,Joe Bataan,31,2905,1K-50K
9728,Marcos Valle,59,22095,1K-50K
9777,Green Velvet,68,42892,1K-50K
9999,Gladys Knight & The Pips,41,108928,50K-500K
10088,John Beltran,48,979,Under 1K
10129,War,55,19456,1K-50K
10139,Digital Underground,22,12915,1K-50K
10312,Sugar Minott,103,52032,50K-500K
10543,Rory Gallagher,38,123250,50K-500K
10574,Ini Kamoze,6,102999,50K-500K
11799,Chris Lake,108,303317,50K-500K
11873,Diamond Head,26,16578,1K-50K
12178,Calvin Harris,188,12322530,Over 5M
12246,Taylor Swift,118,12724280,Over 5M
12436,Miley Cyrus,55,7238375,Over 5M
12544,Oscar D'León,97,213023,50K-500K
13025,Stephen Marley,29,526392,500K-5M
13030,Norman Brown,21,22734,1K-50K
13179,K7,63,1923,1K-50K
13204,Mark Ronson,78,754143,500K-5M
13332,André Previn,244,48669,1K-50K
13570,Metronomy,74,504081,500K-5M
13623,In This Moment,38,183222,50K-500K
13695,George Duke,46,57440,50K-500K
13704,Tim Maia,25,1111504,500K-5M
14521,Jack Black,14,11858,1K-50K
14567,Spyro Gyra,37,25737,1K-50K
14624,Willie Rosario,34,17939,1K-50K
14687,Djavan,56,1839154,500K-5M
14744,Boney James,50,55693,50K-500K
14984,Al Jarreau,45,313730,50K-500K
15056,Bakar,34,30097,1K-50K
15466,Larry Carlton,53,35178,1K-50K
15513,Keith Mansfield,71,1142,1K-50K
15712,Wang Chung,11,9016,1K-50K
15808,Steve Reich,54,44062,1K-50K
15827,Elis Regina,70,918352,500K-5M
15888,Jonas Brothers,53,1688461,500K-5M
16066,Night Ranger,38,13396,1K-50K
16235,Monchy & Alexandra,20,35788,1K-50K
16644,Intocable,68,641868,500K-5M
17046,Zion,33,561957,500K-5M
54728,Roosevelt Sykes,45,790,Under 1K
54988,Alemayehu Eshete,7,2339,1K-50K
55398,Bembeya Jazz National,21,3544,1K-50K
56797,Vladimir Horowitz,273,102037,50K-500K
57085,Kokomo Arnold,16,616,Under 1K
57139,The Slickers,3,842,Under 1K
57533,Sleepy John Estes,1,3856,1K-50K
58307,Pinetop Perkins,36,3263,1K-50K
58312,T-bone Walker,34,253835,50K-500K
58313,Sunnyland Slim,23,1287,1K-50K
58960,Yo-Yo Ma,186,453554,50K-500K
59511,Rennie Foster,128,287,Under 1K
59600,Roedelius,53,1636,1K-50K
62359,Jimmy Reed,17,117247,50K-500K
62380,Sharon Jones & The Dap-Kings,19,58248,50K-500K
62439,Jimmy Riley,30,1278,1K-50K
62490,NILS,151,2665,1K-50K
62996,Ryuichi Sakamoto,102,80940,50K-500K
64252,Georgia Satellites,9,2902,1K-50K
64279,Kronos Quartet,112,26751,1K-50K
64404,Firefall,33,2162,1K-50K
64410,"Peter, Paul And Mary",0,15652,1K-50K
64425,Allen Toussaint,12,10743,1K-50K
64750,Tony Joe White,64,45943,1K-50K
64887,Pierre-Laurent Aimard,55,3510,1K-50K
65574,Steve Lacy,24,278019,50K-500K
65655,Daniel Barenboim,287,252654,50K-500K
65992,Blues Image,13,806,Under 1K
66096,Information Society,1,92673,50K-500K
66465,Otis Rush,12,88063,50K-500K
66506,Joyce,20,3684,1K-50K
66611,Ruthie Foster,28,8252,1K-50K
66947,Karyn White,9,29220,1K-50K
69167,Furry Lewis,25,1874,1K-50K
69519,Bobby Bare,72,7777,1K-50K
69542,Murray Perahia,95,110987,50K-500K
69635,The Brecker Brothers,13,5661,1K-50K
69910,Leon Fleisher,73,1361,1K-50K
69925,P!nk,60,4659881,500K-5M
69959,Keb' Mo',45,100287,50K-500K
70491,Chicken Shack,14,2244,1K-50K
70600,Peter White,19,23663,1K-50K
70711,Matt Maher,63,25877,1K-50K
70942,Willow,29,703678,500K-5M
71495,E. Power Biggs,22,350,Under 1K
71978,Michael Rische,16,50,Under 1K
72628,Lawson Rollins,27,1211,1K-50K
73158,Rogê,145,4417,1K-50K
73651,Esa-Pekka Salonen,115,22484,1K-50K
74186,Jimmy Rogers,10,55258,50K-500K
74309,Lil Wayne,121,5837446,Over 5M
74346,Will Downing,63,14131,1K-50K
74398,OneRepublic,99,4345705,500K-5M
74444,Fleet Foxes,18,165424,50K-500K
75491,Lady Gaga,82,9278254,Over 5M
75649,Mindi Abair,20,3890,1K-50K
75798,Adele,15,15471908,Over 5M
76342,The Braxton Brothers,10,265,Under 1K
76749,Wailing Souls,28,9680,1K-50K
76970,Rob Base & DJ EZ Rock,5,5806,1K-50K
77727,Marion Meadows,20,5356,1K-50K
78233,Freiburger Barockorchester,136,8687,1K-50K
78325,Walter Beasley,117,3467,1K-50K
78466,Alvin And The Chipmunks,14,77568,50K-500K
78495,Stephen Bishop,31,4225,1K-50K
78506,Blind Lemon Jefferson,12,4207,1K-50K
78668,Bon Iver,16,548722,500K-5M
78908,J.B. Lenoir,3,21024,1K-50K
79048,Giuliano Carmignola,32,6260,1K-50K
79236,Run-DMC,28,291587,50K-500K
80624,Toquinho,56,246696,50K-500K
80776,Eddie Kendricks,21,6145,1K-50K
81146,"Clarence ""Gatemouth"" Brown",31,3901,1K-50K
81789,Blind Boy Fuller,27,2319,1K-50K
82127,Fabio Biondi,93,19782,1K-50K
83415,Dj Mini,14,1673,1K-50K
84336,Balla Et Ses Balladins,5,1165,1K-50K
84999,Johnny Colon,7,789,Under 1K
85226,Pinetop Smith,3,54,Under 1K
87384,Captain Beefheart,18,18330,1K-50K
92573,Blind Blake,27,2504,1K-50K
94137,Bobby Blue Bland,1,1042,1K-50K
95069,Josey Wales,25,1295,1K-50K
95415,Academy Of Ancient Music,156,3881,1K-50K
96785,Stylus,84,135,Under 1K
97261,Capital Letters,13,1477,1K-50K
97385,Ma Rainey,38,3250,1K-50K
98501,The Itals,8,2015,1K-50K
98985,Yiruma,56,182421,50K-500K
103213,"The Mozart Orchestra, Davis Jerome & Richard Woodhams",0,19,Under 1K
103629,Half Pint,50,3343,1K-50K
104683,Barbatuques,62,25843,1K-50K
105022,Memphis Minnie & Kansas Joe,4,77,Under 1K
106632,Blessd,134,265092,50K-500K
107096,Dustin O'Halloran,55,51357,50K-500K
107942,Bob Baldwin,71,2574,1K-50K
110654,John Klemmer,23,531,Under 1K
113148,Àtic,53,210,Under 1K
113240,Z.Z. Hill,22,3371,1K-50K
114153,Vânia Bastos,22,529,Under 1K
116523,Los Angeles Azules,87,1523709,500K-5M
116891,Latimore,38,3355,1K-50K
122996,Mighty Diamonds,34,8137,1K-50K
123569,Pat Kelly,112,2065,1K-50K
123595,Joe Higgs,12,8579,1K-50K
123617,Ernie K-Doe,23,386,Under 1K
125372,DaVido,137,901812,500K-5M
127253,Cripple Clarence Lofton,4,63,Under 1K
127935,2Unes,15,23,Under 1K
131143,Celia,9,13866,1K-50K
131886,Motionless In White,39,281103,50K-500K
134161,Paul Freeman,48,270,Under 1K
134790,Tame Impala,39,1137613,500K-5M
142381,Deadmau5,168,1119943,500K-5M
149013,Derek & The Dominos,7,75910,50K-500K
152120,Nara Leão,36,105640,50K-500K
152152,Jeff Lorber,28,7932,1K-50K
152788,La Roux,26,152131,50K-500K
157376,Wayman Tisdale,13,4598,1K-50K
158391,Dick Van Dyke,3,1819,1K-50K
158474,Weldon Irvine,12,1504,1K-50K
158697,Christine McVie,11,4771,1K-50K
159126,Architects,22,222599,50K-500K
160727,Pierre Hantaï,42,7554,1K-50K
162668,D.O.D,150,11338,1K-50K
165930,Future,133,3985952,500K-5M
166139,Ken Parker,44,474,Under 1K
166633,Herb Alpert,44,12565,1K-50K
166763,Echo and the Bunnymen,42,211476,50K-500K
167095,2Pac,23,4126722,500K-5M
167268,The Baba Brooks Band,2,163,Under 1K
168632,Berliner Philharmoniker,278,627609,500K-5M
173191,Karizma,156,4269,1K-50K
178412,Jan Jelinek,30,3621,1K-50K
182978,Fred Wesley & The J.B.'s,0,1331,1K-50K
183201,Owl City,26,762298,500K-5M
183674,Maxi Priest,74,64958,50K-500K
184249,Denise LaSalle,29,9155,1K-50K
186223,Martha Reeves & The Sweet Things,0,24,Under 1K
191863,Gayla Peevey,3,271,Under 1K
192548,Los Tucanes De Tijuana,140,674097,500K-5M
193331,The Smashing Pumpkins,33,1767411,500K-5M
194594,The Gaturs,2,117,Under 1K
194746,Beastie Boys,37,687600,500K-5M
205399,Leandro Lehart,38,32929,1K-50K
210406,Russ Freeman & The Rippingtons,2,224,Under 1K
211053,Jonathan Biss,30,389,Under 1K
211131,Philippe Jaroussky,62,37791,1K-50K
211430,Antonio Pappano,113,3369,1K-50K
215702,Robert Glasper,31,43641,1K-50K
241376,Orchestra Of The Age Of Enlightenment,79,1566,1K-50K
241426,Novos Baianos,14,149402,50K-500K
242132,Luke Bryan,64,622893,500K-5M
242649,Berliner Barock Solisten,42,657,Under 1K
242754,Bobby Pulido,78,31313,1K-50K
243761,Fonseca,51,513621,500K-5M
244207,Hesperion Xx,9,972,Under 1K
244594,Jodi Benson,5,977,Under 1K
244962,Kyla,15,10259,1K-50K
245438,Fally Ipupa,91,454747,50K-500K
246791,Drake,79,24084384,Over 5M
248102,Edward Sharpe & The Magnetic Zeros,11,94697,50K-500K
248813,Ernest Bour,52,67,Under 1K
251751,"Jeanne Lamon, Tafelmusik Orchestra",2,54,Under 1K
253382,Bobby Lyle,8,394,Under 1K
253773,Marcia Aitken,3,586,Under 1K
255154,Gould Piano Trio,38,83,Under 1K
256599,Geraldine Hunt,2,1844,1K-50K
267901,Bpm,46,3955,1K-50K
269912,Ronnie Dyson,11,209,Under 1K
271089,Peppermint Harris,14,252,Under 1K
275773,Rhythm & Sound,14,3556,1K-50K
277491,Ólafur Arnalds,90,183819,50K-500K
288166,Justin Bieber,58,11154007,Over 5M
292185,Selena Gomez,70,5543054,Over 5M
292455,Justin Moore,35,77413,50K-500K
293585,Avicii,67,8362160,Over 5M
298705,Wiener Philharmoniker,331,316555,50K-500K
303073,Sir Victor Uwaifo,31,517,Under 1K
310260,Stromae,17,3482761,500K-5M
317690,Peacocks Guitar Band International,7,63,Under 1K
318860,Badger,59,1144,1K-50K
328088,Role Model,20,24896,1K-50K
329865,Jonathan Groff,4,4576,1K-50K
336330,Marijata,1,578,Under 1K
336332,Ebo Taylor,21,10932,1K-50K
343288,Samuel E. Wright,0,623,Under 1K
343290,Chris Stapleton,25,327867,50K-500K
345052,Tinashe,73,519082,500K-5M
352219,Soulja Boy,90,591227,500K-5M
360305,Harvey Averne,3,31,Under 1K
365824,Nesta,9,2000,1K-50K
369151,Ofege,7,690,Under 1K
369236,Dojo Cuts,46,7693,1K-50K
372147,Star Number One de Dakar,1,794,Under 1K
372631,Washed Out,23,41846,1K-50K
375433,Bridge,85,1064,1K-50K
379486,Michel Teló,56,1703466,500K-5M
380832,fun.,10,923655,500K-5M
380955,Prince Royce,57,2629053,500K-5M
382905,Nadia Ali,50,95167,50K-500K
384717,Bola Johnson,3,169,Under 1K
385626,Jerry Hansen & The Ramblers Dance Band Of Ghana,4,142,Under 1K
390174,Fatoumata Diawara,48,115076,50K-500K
390575,Orgone,46,3875,1K-50K
391017,Small Black,29,5842,1K-50K
393271,Jimmy Thackery,17,7005,1K-50K
394661,Cedric Burnside,10,3085,1K-50K
394685,Tom Braxton,22,245,Under 1K
394735,Tinsley Ellis,24,28675,1K-50K
395215,Sol Gabetta,51,24443,1K-50K
396180,Matt Haimovitz,53,1128,1K-50K
398298,Agnes Obel,30,311442,50K-500K
398521,Lil Baby,108,1445880,500K-5M
399990,Kacey Musgraves,27,77527,50K-500K
405567,Hardy,43,33529,1K-50K
407188,Swedish House Mafia,46,2168805,500K-5M
408352,Trio Wanderer,34,2570,1K-50K
408375,Anubis,132,1700,1K-50K
409258,Renaud Capuçon,87,26366,1K-50K
409796,Disclosure,81,985994,500K-5M
410770,Culture Shock,79,7872,1K-50K
413421,Nicola Benedetti,37,15799,1K-50K
417228,Emerson String Quartet,58,20672,1K-50K
419598,The Laurie Berkner Band,106,1699,1K-50K
425278,Camille Thomas,35,3135,1K-50K
427388,Dasha,52,25456,1K-50K
427584,Erly Thornton,10,60,Under 1K
429675,Bruno Mars,37,12785252,Over 5M
430946,Parry Gripp,210,5824,1K-50K
431341,Sonny Fodera,183,32072,1K-50K
432578,Orchestra of St. Luke's,40,126,Under 1K
436163,Jungle,49,262844,50K-500K
468748,the Beaches,43,14110,1K-50K
469470,Bahamas,17,14867,1K-50K
470538,MY LITTLE PONY,139,11194,1K-50K
482758,DJ Snake,106,5797294,Over 5M
486336,Anders Holst,10,46,Under 1K
509291,Denis Kozhukhin,25,325,Under 1K
511732,John Morgan,17,401,Under 1K
520626,Will Donato,22,99,Under 1K
525046,Kendrick Lamar,34,6171117,Over 5M
525307,Walk The Moon,23,319790,50K-500K
525619,SAMPHA,17,85683,50K-500K
525643,Skrillex,87,3849615,500K-5M
538085,Kammerorchester Berlin,50,15,Under 1K
540808,Nate Smith,22,4573,1K-50K
541420,Mike James Kirkland,11,319,Under 1K
541784,Alex Warren,38,164783,50K-500K
551145,Rocco Ventrella,36,412,Under 1K
567146,Lake Street Dive,34,13772,1K-50K
587319,Jeremy Denk,19,394,Under 1K
613934,Jelly Roll,57,228156,50K-500K
616908,La Sonora Dinamita,59,505435,500K-5M
616943,Russ,229,252619,50K-500K
632926,MAC MILLER,56,1283731,500K-5M
633118,The English Concert,135,8008,1K-50K
647650,Twenty One Pilots,42,5003251,Over 5M
648136,IGOR LEVIT,23,5981,1K-50K
648668,Jon Pardi,30,65804,50K-500K
660609,Jewels,74,801,Under 1K
712188,Terence Young,17,31,Under 1K
712754,Poppy,49,86617,50K-500K
795404,Kristian Bezuidenhout,50,680,Under 1K
795457,The Saint Paul Chamber Orchestra,19,308,Under 1K
805948,Raye,89,482421,50K-500K
810148,The Latinaires,5,78,Under 1K
827425,Kane Brown,65,254402,50K-500K
863674,Caspar Babypants,36,3573,1K-50K
869752,Karen O,19,17136,1K-50K
877302,ROCKY HORROR,6,1300,1K-50K
883421,Cody Johnson,50,62815,50K-500K
891894,Sonny Boy Williamson II,11,8928,1K-50K
893222,Macklemore & Ryan Lewis,6,1234849,500K-5M
894664,Cardinal Rex Jim Lawson,10,223,Under 1K
903536,CKay,51,244905,50K-500K
961592,Icona Pop,81,620520,500K-5M
998013,Alexandra Stan,108,355114,50K-500K
1000137,Heidelberger Sinfoniker,34,28,Under 1K
1001897,Philharmonica Slavonica,74,8,Under 1K
1020109,Black Eyed Peas,60,6104866,Over 5M
1027239,Charles Bradley,12,103157,50K-500K
1042268,Angèle,36,1727972,500K-5M
1050140,The Brief Encounter,2,56,Under 1K
1052587,Avi Avital,26,5895,1K-50K
1055527,Michael Chance,51,959,Under 1K
1058631,Phoebe Bridgers,34,206813,50K-500K
1059460,Jon Batiste,55,38485,1K-50K
1072674,Turnstile,21,51132,50K-500K
1074021,Jay Wheeler,140,433263,50K-500K
1078812,Baby Rasta Y Gringo,66,551572,500K-5M
1083190,Cali Jones,2,0,Under 1K
1083455,Swamp Dogg,82,1791,1K-50K
1097186,Samuel Purdey,1,104,Under 1K
1101356,Paul Russell,22,4162,1K-50K
1121054,Martini Kings,4,72,Under 1K
1140313,Jordan Davis,63,56805,50K-500K
1161371,Gyedu-Blay Ambolley,18,1695,1K-50K
1166311,Feid,144,904978,500K-5M
1167812,Everett B Walters,16,24,Under 1K
1176900,Sabrina Carpenter,59,1813962,500K-5M
1179872,Blond:ish,82,13447,1K-50K
1182172,Jose Mauro,3,250,Under 1K
1182275,Friends From Rio,6,61,Under 1K
1186389,Denney,107,3989,1K-50K
1198612,ZEDD,82,1983266,500K-5M
1203284,Constantinople,32,2731,1K-50K
1211831,Les Amazones de Guinée,2,426,Under 1K
1218821,Lauren Alaina,35,14457,1K-50K
1220981,Tyla,30,190809,50K-500K
1245984,Brechete & The Big Beats,0,1,Under 1K
1246171,Patrick Lamb,27,393,Under 1K
1252867,Blue Hawaii,43,6490,1K-50K
1253104,Ellie Hope,6,26,Under 1K
1254388,Ta-Ku,36,27180,1K-50K
1257191,Juçara Marçal e Kiko Dinucci,1,6346,1K-50K
1258135,Mart'nália,40,69798,50K-500K
1264201,Geraldo Pino,2,248,Under 1K
1272674,Romeo Santos,29,3901919,500K-5M
1280500,Jamie WilliamS.,11,26,Under 1K
1305191,Simón Bolívar Symphony Orchestra of Venezuela,26,1219,1K-50K
1324555,Vikingur Olafsson,56,26750,1K-50K
1330256,Tedeschi Trucks Band,37,27726,1K-50K
1344834,Randy Quaid,1,12,Under 1K
1346116,Falling In Reverse,23,531155,500K-5M
1348013,Com Truise,14,22241,1K-50K
1351740,Brooklyn Express,4,92,Under 1K
1359318,Rakhim,46,15147,1K-50K
1380470,Maribou State,43,22171,1K-50K
1389877,Ashley McBryde,40,10353,1K-50K
1391975,Joel Vandroogenbroeck,29,151,Under 1K
1412607,Rohan Reid,12,89,Under 1K
1424602,Maluma,135,8074081,Over 5M
1424821,Lana Del Rey,70,5805821,Over 5M
1427030,Claudia Hayden,7,29,Under 1K
1427927,Tony Saunders,11,66,Under 1K
1428258,Cleo Sol,14,39016,1K-50K
1429841,Alok,288,4533555,500K-5M
1443471,Jessie Ware,76,141423,50K-500K
1462230,Charli xcx,114,1887584,500K-5M
1469025,St Germain,26,70671,50K-500K
1484746,Davi Sacer,61,697398,500K-5M
1504061,The Citizens of Halloween,210,757,Under 1K
1539961,Trent Reznor and Atticus Ross,31,28965,1K-50K
1541592,Gusttavo Lima,123,9131198,Over 5M
1541939,Prague Philharmonia,41,279,Under 1K
1547598,Benny Blanco,31,253767,50K-500K
1562638,Chronixx,44,157309,50K-500K
1562681,Ariana Grande,70,13425596,Over 5M
1574609,Stephan Moccio,65,3567,1K-50K
1594391,Kim Scott,23,203,Under 1K
1622064,Korona,6,111,Under 1K
1624980,Alabama Shakes,11,150360,50K-500K
1636873,Takako Nishizaki,121,661,Under 1K
1650227,Threestyle,87,93,Under 1K
1665246,Andreas Aleman,22,228,Under 1K
1685662,Marky Mark And The Funky Bunch,7,2002,1K-50K
1709730,Elle King,34,147192,50K-500K
1996541,Dylan Scott,57,23831,1K-50K
2013771,Kristjan Järvi,72,707,Under 1K
2299511,Soundscapes!,82,36,Under 1K
2349291,Donny Benét,23,2955,1K-50K
2454271,Iggy Azalea,39,3402698,500K-5M
2710131,HNNY,22,6992,1K-50K
3005591,Bennewitz Quartet,10,56,Under 1K
3120261,Matheus & Kauan,123,4558979,500K-5M
3134371,London Symphony Chorus,116,1973,1K-50K
3338531,Storioni Trio,9,23,Under 1K
3372121,Isabelle Faust,86,7843,1K-50K
3744641,Olamide,103,352587,50K-500K
3881631,Jorge & Mateus,76,11515290,Over 5M
3933641,Wizkid,76,997974,500K-5M
3975191,Alexis Ffrench,55,22124,1K-50K
4016340,Blake Aaron,33,326,Under 1K
4017020,Anna Kendrick,3,173511,50K-500K
4026000,Stevie Woods,8,36,Under 1K
4034904,Vel Lewis,13,3,Under 1K
4050205,The Weeknd,90,14686749,Over 5M
4089762,Carly Pearce,43,39900,1K-50K
4090223,Kids Original Motion Picture Soundtrack,1,103,Under 1K
4103977,Tove Lo,83,1661234,500K-5M
4104927,The Chainsmokers,107,5845529,Over 5M
4138340,Lil Ed & The Blues Imperials,13,326,Under 1K
4151514,Academy Of St Martin In The Fields,388,8208,1K-50K
4159531,Lella Cuberli,2,76,Under 1K
4168855,Lucerne Festival Orchestra,18,374,Under 1K
4194807,Leslie Odom Jr.,22,17607,1K-50K
4331004,Zara Larsson,81,1649920,500K-5M
4344458,Italian Classical Consort,27,33,Under 1K
4356661,Horszowski Trio,3,8,Under 1K
4387647,Edward Brewer,6,101,Under 1K
4397349,Ferrugem,168,3403353,500K-5M
4401157,Ron King,32,10,Under 1K
4417561,D. Brown,9,21,Under 1K
4428548,Nicolas Godin,18,5012,1K-50K
4448485,Lorde,22,2088096,500K-5M
4453490,Roberto Vally,15,69,Under 1K
4475716,Robson Jorge,10,527,Under 1K
4479584,Kapo,174,42189,1K-50K
4492087,Bebe Rexha,129,1834123,500K-5M
4495513,Travis Scott,64,3139536,500K-5M
4525924,Castella,53,41,Under 1K
4552655,Monster High,39,65472,50K-500K
4572288,Hubert Eaves IV,8,5,Under 1K
4575675,Sam Hunt,27,260935,50K-500K
4645712,Harry Mudie,3,117,Under 1K
4648381,Kelela,33,24105,1K-50K
4650604,Jazzmen,7,3,Under 1K
4651129,Curtis Harding,10,56471,50K-500K
4656807,Danna,115,6161,1K-50K
4660899,Rvssian,66,49151,1K-50K
4694728,Yemi Alade,107,391473,50K-500K
4698748,Becky G,111,1868094,500K-5M
4705791,Martin Owen,11,18,Under 1K
4740968,Illenium,152,129443,50K-500K
4833740,Josh Baker,49,2453,1K-50K
4838046,Cuzzomania,28,0,Under 1K
4855333,Lin Rountree,20,322,Under 1K
4860557,Wun two,232,3944,1K-50K
4860761,J Balvin,175,10339972,Over 5M
4873930,Ocha,102,271,Under 1K
4876653,Henrique & Juliano,87,10952645,Over 5M
4893551,Riley Green,47,34155,1K-50K
4913784,Ayo Jay,22,13902,1K-50K
4913844,KnightsBridge,397,398,Under 1K
4937383,Ozuna,160,4732571,500K-5M
4947930,Irish Chamber Orchestra,16,50,Under 1K
5097223,KAASI,8,3816,1K-50K
5112746,Dan + Shay,56,125959,50K-500K
5130634,Madison Beer,47,748499,500K-5M
5156135,Dayo Bello,47,348,Under 1K
5174343,Dash of Honey,23,43,Under 1K
5188834,Vincent Ingala,13,2167,1K-50K
5226738,Lily Meola,28,2727,1K-50K
5230862,Burton Inc,2,12,Under 1K
5245183,Daniel Caesar,27,415774,50K-500K
5261989,Sergi,52,3742,1K-50K
5266314,Greg Minnick,4,3,Under 1K
5273863,Officina Musicale,2,80,Under 1K
5291577,Junior Mendes,26,223,Under 1K
5297021,KAROL G,75,3411076,500K-5M
5306259,Kristen Bell,3,35229,1K-50K
5313805,Harry Styles,7,2195294,500K-5M
5316873,Andrew Rannells,3,680,Under 1K
5316874,Josh Gad,1,6380,1K-50K
5328540,Khruangbin,34,97886,50K-500K
5374412,Durand Bernarr,33,3591,1K-50K
5435357,Carlita,34,1915,1K-50K
5515551,Isaiah Rashad,24,68284,50K-500K
5518524,Furacão 2000,277,52766,50K-500K
5531258,SZA,41,1330171,500K-5M
5549375,Novo Amor,24,68948,50K-500K
5552795,Lenin Ramírez,106,358484,50K-500K
5563901,Paul Henderson,8,1,Under 1K
5571502,RÜFÜS DU SOL,62,142090,50K-500K
5575105,Tory Lanez,313,765528,500K-5M
5578942,Doja Cat,55,2502243,500K-5M
5594574,Los Temperamentos,11,689,Under 1K
5603027,Kehlani,86,712566,500K-5M
5617341,Maggie Rogers,21,57370,50K-500K
5632470,Orquesta Sinfónica de Navarra,8,47,Under 1K
5700709,Destin Conrad,40,5354,1K-50K
5703501,Brad Alexander,22,18,Under 1K
5730584,Michael Cates,21,799,Under 1K
5735369,Luis Figueroa,47,745,Under 1K
5769830,Selwyn Birchwood,9,2331,1K-50K
5801503,Tyler Childers,19,41579,1K-50K
5866223,Lost Frequencies,138,953654,500K-5M
5895828,Zé Neto & Cristiano,67,6531936,Over 5M
5918943,Mc Livinho,247,1787357,500K-5M
5932745,Funktastic Players,11,8,Under 1K
5947414,Byrne & Barnes,2,118,Under 1K
5952216,Nick Dukas,8,1,Under 1K
5962324,Hildur Guðnadóttir,32,12637,1K-50K
5992092,Kungs,58,748394,500K-5M
6043160,Kali Uchis,51,529245,500K-5M
6133462,Toddler Fun Learning,135,1967,1K-50K
6191868,Adia Victoria,18,1951,1K-50K
6223838,PAWSA,62,20715,1K-50K
6303698,Lainey Wilson,34,56007,50K-500K
6341660,Meitei,24,1130,1K-50K
6379768,Ryan Montano,22,43,Under 1K
6406296,Risco Connection,1,153,Under 1K
6462309,Chrystal,42,2114,1K-50K
6489117,Pierre Génisson,16,613,Under 1K
6512815,S.O.U.L.,22,121,Under 1K
6613926,Oscar Ortiz,34,5956,1K-50K
6630050,Mitski,13,521851,500K-5M
6699381,Jack Ü,5,406356,50K-500K
6705223,Quevedo,84,301696,50K-500K
6712461,Jim Richter,15,15,Under 1K
6741503,BUNT.,84,14068,1K-50K
6851443,Latin Mafia,19,34262,1K-50K
6853437,Shaboozey,38,67991,50K-500K
6979963,Cynthia Erivo,43,35881,1K-50K
6982223,BTS,91,3859451,500K-5M
7004075,Bryson Tiller,57,995815,500K-5M
7010575,Dardust,45,3216,1K-50K
7047219,Rawayana,75,80254,50K-500K
7068753,Diego & Victor Hugo,134,1215873,500K-5M
7071365,Shallou,49,11912,1K-50K
7153996,Cloonee,56,11126,1K-50K
7186550,Die Kammermusiker Zürich,4,90,Under 1K
7188840,Morgan Wallen,47,301245,50K-500K
7201052,The Deslondes,16,854,Under 1K
7208392,Lenny Tavarez,129,1040626,500K-5M
7224626,The War and Treaty,40,2045,1K-50K
7251032,Corbyn Besson,12,2429,1K-50K
7309256,Prospa,47,4835,1K-50K
7327640,Morat,73,1095852,500K-5M
7397124,Brent Faiyaz,50,342956,50K-500K
7414992,Pet Music Collection,1,5,Under 1K
7418694,Renee Elise Goldsberry,4,4567,1K-50K
7420680,Leon Bridges,36,94021,50K-500K
7439658,Pheelz,40,32094,1K-50K
7488552,Jidenna,26,26760,1K-50K
7494214,Palms Trax,19,6477,1K-50K
7497634,Sam Gellaitry,33,6666,1K-50K
7543848,Post Malone,39,4201564,500K-5M
7548984,Oxlade,77,112884,50K-500K
7626764,Parcels,35,136270,50K-500K
7803478,HUGEL,168,77178,50K-500K
7805012,BABYMETAL,37,180169,50K-500K
7890702,Marshmello,184,3109175,500K-5M
7900458,Juilliard Baroque,1,7,Under 1K
7954262,Flatland Cavalry,26,2359,1K-50K
7978764,Nature Soundscape,81,67,Under 1K
7998984,Wheels on the Bus,39,2367,1K-50K
8156852,Bad Wolves,33,85170,50K-500K
8185084,Regard,45,91549,50K-500K
8205210,James Hype,89,32905,1K-50K
8297772,George Birge,24,543,Under 1K
8310810,Nefera DeNile,0,118,Under 1K
8506054,Ghost,34,612307,500K-5M
8613614,Eladio Carrion,129,616357,500K-5M
8657430,J Hus,31,622251,500K-5M
8702226,Hailey Whitters,28,1151,1K-50K
8703826,Kevin Powers,25,497,Under 1K
8791550,Adekunle Gold,70,203749,50K-500K
8854030,The Smooth Jazz Alley,4,92,Under 1K
8896874,WizTheMc,7,10686,1K-50K
8948922,ANOTR,66,12505,1K-50K
8973774,Ravyn Lenae,29,24555,1K-50K
9064930,Cardi B,96,2597708,500K-5M
9079614,Young Gun Silver Fox,19,5165,1K-50K
9093938,Jack Harlow,50,342611,50K-500K
9216400,Brandon Marceal,10,11,Under 1K
9262400,Jessie Reyez,60,117224,50K-500K
9266850,Lola Young,41,96605,50K-500K
9308376,Josh Fawaz,35,2301,1K-50K
9419216,Shelly Sony,47,2554,1K-50K
9549148,Peggy Gou,30,202515,50K-500K
9551216,Latto,62,136583,50K-500K
9596260,DJ Guuga,240,615161,500K-5M
9626504,Luke Combs,43,363300,50K-500K
9635624,Billie Eilish,32,9252953,Over 5M
9700940,Bad Omens,23,165965,50K-500K
9757762,Amelie Lens,34,103289,50K-500K
9763952,Christian Nodal,70,2512518,500K-5M
9829340,Big Thief,15,72216,50K-500K
9945222,Jorja Smith,76,844325,500K-5M
9961172,Lucas Debargue,26,3156,1K-50K
9981596,Martin James Bartlett,14,178,Under 1K
10029998,Trio Vega,2,2,Under 1K
10100048,The Band CAMINO,41,4840,1K-50K
10126424,Amber Mark,47,15333,1K-50K
10168310,Jackson Dean,30,1727,1K-50K
10233610,Princess Cadance,0,126,Under 1K
10250918,Abacus Cinch,0,46,Under 1K
10252414,Evan Taylor,101,3,Under 1K
10292736,Naji,28,622,Under 1K
10318770,Lucky Daye,54,56479,50K-500K
10438656,Jacob Webb,17,46,Under 1K
10468691,Toby Fox,18,124898,50K-500K
10483695,Dreicon,76,20210,1K-50K
10580067,Rels B,101,944815,500K-5M
10583405,Bad Bunny,89,7999000,Over 5M
10602509,Nex Lev'l Band,4,8,Under 1K
10622701,Haley Joelle,37,1515,1K-50K
10623481,Crain & Taylor,2,20,Under 1K
10668247,Whethan,65,10198,1K-50K
10668885,Shenseea,105,133843,50K-500K
10728557,October London,38,4659,1K-50K
10759958,Kenny Nightingale,12,14,Under 1K
10796312,Koe Wetzel,34,9950,1K-50K
10799102,Oliver Tree,70,226812,50K-500K
11025166,Sleep Token,26,141946,50K-500K
11116250,Ella Mai,10,823745,500K-5M
11121158,Keshi,26,31810,1K-50K
11152580,Olivia Rodrigo,29,1823671,500K-5M
11190156,Clarent,48,8597,1K-50K
11209960,DJ Goja,128,4930,1K-50K
11242224,Lauana Prado,166,1852953,500K-5M
11289472,Rauw Alejandro,165,2136309,500K-5M
11299366,Corey Kent,41,1755,1K-50K
11361878,Rex Orange County,28,268307,50K-500K
11363014,DaBaby,75,1143568,500K-5M
11389676,Auli'i Cravalho,12,23191,1K-50K
11443084,Danny Ocean,61,812952,500K-5M
11477462,Kerala Dust,20,9014,1K-50K
11559031,Manuel Turizo,102,1565996,500K-5M
11573699,Clairo,23,482155,50K-500K
11581849,Karate Boogaloo,17,727,Under 1K
11582927,The Mozart Effect Orchestra,1,61,Under 1K
11815065,Ryan Castro,147,309908,50K-500K
11819131,Noah Kahan,39,197830,50K-500K
11928391,Aitana,58,348132,50K-500K
11960469,North Downs,4,404,Under 1K
11965753,Lisandro Cuxi,35,35727,1K-50K
12029862,Myke Towers,182,1705476,500K-5M
12030364,Randy B,16,1,Under 1K
12062642,Elijah Lee,45,1054,1K-50K
12096038,Central Cee,60,665158,500K-5M
12096672,Sam Fender,54,84712,50K-500K
12170972,John Summit,97,20361,1K-50K
12206372,Super Simple Songs,238,22899,1K-50K
12318006,Federico Estévez,3,26,Under 1K
12369444,Laufey,39,247175,50K-500K
12373730,Fujitsu,22,732,Under 1K
12465588,Giacomo Scinardo,6,55,Under 1K
12487862,Bizarrap,110,1124556,500K-5M
12501520,Mood J,3,135,Under 1K
12503574,Matteo Myderwyk,32,2598,1K-50K
12564362,Bob Marley,0,25207,1K-50K
12607183,The Marías,23,147953,50K-500K
12632339,Jordan Adetunji,38,6146,1K-50K
12641355,Myles Smith,34,75457,50K-500K
12721175,Panda,72,203339,50K-500K
12816021,Megan Thee Stallion,96,934019,500K-5M
12869727,Acraze,25,13296,1K-50K
12919403,Pinkfong,322,65404,50K-500K
12945219,Chappell Roan,19,311086,50K-500K
13046613,E Ruscha V,5,259,Under 1K
13286961,Arlo Parks,45,55581,50K-500K
13321745,Spiritbox,24,75939,50K-500K
13371963,Jaz Karis,41,3974,1K-50K
13631667,Don Toliver,68,507293,500K-5M
13641829,Saweetie,88,398003,50K-500K
13783079,Patsy Meyer,3,0,Under 1K
13817211,Tate McRae,71,608473,500K-5M
13864157,Dominic Fike,28,79904,50K-500K
13905711,Tems,23,267829,50K-500K
13910479,Haven.,13,882,Under 1K
13950249,Kassi Ashton,28,730,Under 1K
14309985,Placebo,4,689,Under 1K
14482665,Summer Walker,50,711955,500K-5M
14492701,Lil Tecca,41,717961,500K-5M
14534981,Omar Courtz,72,55469,50K-500K
14538869,Pacific Coliseum,17,314,Under 1K
14597475,Aaron Frazer,13,6435,1K-50K
14601135,KwN,18,15145,1K-50K
14623073,BYLJA,5,12,Under 1K
14640923,Slim Gambill,26,9,Under 1K
14779157,Kizz Daniel,54,243083,50K-500K
14867123,Ella Langley,27,29118,1K-50K
14913605,cruush,88,1086,1K-50K
15008095,Abe Lamarca,11,5,Under 1K
15190997,Fireboy Dml,52,354848,50K-500K
15304117,Natanael Cano,100,1148394,500K-5M
26450151,Alogte Oho & His Sounds of Joy,6,547,Under 1K
48995601,GIVĒON,22,336962,50K-500K
49013001,Mayke & Rodrigo,43,4947,1K-50K
49259582,DJ Oreia,127,133201,50K-500K
50523252,Morgan Seatree,37,1697,1K-50K
50633822,PEDRO SAMPAIO,67,1751901,500K-5M
51204222,The Kid Laroi,52,452161,50K-500K
51305922,Asake,46,133613,50K-500K
51610232,Mild Minds,37,1700,1K-50K
51965252,Doechii,43,152522,50K-500K
52471452,Nia Smith,11,1393,1K-50K
52862372,Ben Hemsley,30,1295,1K-50K
53266572,D.S. Wilson,21,174,Under 1K
53465462,Everybody Loves an Outlaw,5,9971,1K-50K
54061032,Dr. Yaro,15,117238,50K-500K
54236722,anaiis,35,1676,1K-50K
54330242,Grupo Menos É Mais,111,2257103,500K-5M
56094992,Omah lay,50,352873,50K-500K
56444382,Tommy Richman,46,19065,1K-50K
57340572,Aria Vega,31,2920,1K-50K
59691632,GloRilla,52,111064,50K-500K
61145262,Guilherme & Benuto,142,939776,500K-5M
62161882,Lars Taylor,24,7,Under 1K
63317272,Mark Ambor,21,39056,1K-50K
64841772,Jack Orley,28,99,Under 1K
64874492,Gracie Abrams,21,403977,50K-500K
64927672,Teddy Swims,77,420374,50K-500K
65148802,Disco Lines,60,6774,1K-50K
65549992,Yung Miami,16,2283,1K-50K
65564792,Alexandra Hamilton-Ayres,34,98,Under 1K
66693262,Seyi Vibez,82,22810,1K-50K
67206352,Papa Bear & His Cubs,1,436,Under 1K
67218672,Nate Smith,38,20733,1K-50K
67244002,BENEE,33,67379,50K-500K
67410412,Past Palms,13,7,Under 1K
68358002,Beele,95,439324,50K-500K
69617682,Adam Ten,48,1556,1K-50K
70227002,Djo,22,108162,50K-500K
70320102,Michael Orr And The Book Of Life,1,18,Under 1K
70757872,Libianca,16,24556,1K-50K
70986422,Mariah the Scientist,24,27334,1K-50K
71247072,Danny Go!,83,967,Under 1K
73725592,Kameron Marlowe,41,2984,1K-50K
74250642,Ron Burris,7,0,Under 1K
75659582,Olivia Dean,43,155408,50K-500K
75832332,BigXthaPlug,63,49900,1K-50K
77726412,Greg Adams and East Bay Soul,3,12,Under 1K
78063622,Tucker Wetmore,15,4428,1K-50K
79647972,Carter Faith,38,746,Under 1K
82675702,Mc Gimenes,497,1640,1K-50K
82716032,Treaty Oak Revival,18,4386,1K-50K
82803312,Tom Kinsella,8,4,Under 1K
83527112,Holly Humberstone,36,13872,1K-50K
83879762,Monaleo,48,7288,1K-50K
84575252,Lucas Ball,4,9,Under 1K
84941702,Rob,85,146,Under 1K
85065212,Leon Thomas,45,19695,1K-50K
87024672,Sonny Boy Williamson,3,1881,1K-50K
88121392,strongboi,13,2483,1K-50K
88480772,Marc Antoine,17,824,Under 1K
88900572,Vitinho Imperador,95,191203,50K-500K
89586582,Go Banana Go!,11,46,Under 1K
90496732,F3miii,24,1024,1K-50K
90822272,Bandé-Gamboa,4,204,Under 1K
95074402,Addison Rae,9,96466,50K-500K
95557122,Oldilla,85,98313,50K-500K
96725112,Common Saints,16,3747,1K-50K
96799272,Kaik & Alessandro,25,166,Under 1K
97855452,Oppidan,34,1868,1K-50K
101540662,Alostmen,2,163,Under 1K
102060542,Michael Marcagi,26,3072,1K-50K
103543712,STR4TA,19,1495,1K-50K
106871182,María Dueñas,29,744,Under 1K
107301842,Ian Asher,32,6622,1K-50K
112988802,Bibi Babydoll,193,11065,1K-50K
113241652,Bossman Dlow,48,18515,1K-50K
113547672,aespa,60,462454,50K-500K
114844082,Washington,14,68,Under 1K
115331762,Cameron Whitcomb,25,10022,1K-50K
117467152,Warren Zeiders,55,32450,1K-50K
117615952,Umbrella,1,27,Under 1K
118232102,MC Meno K,347,175098,50K-500K
121545492,Bailey Zimmerman,32,54290,50K-500K
122602052,PinkPantheress,36,238841,50K-500K
122856502,Megan Moroney,32,11130,1K-50K
123002982,Bluey,25,8707,1K-50K
125694832,Avery Cochrane,21,214,Under 1K
126335112,ROSÉ,7,560570,500K-5M
127463032,Ely Oaks,79,10536,1K-50K
128295062,Franco & le T.P OK Jazz,44,5920,1K-50K
129070482,Dean Turnley,4,125,Under 1K
129324502,Zach Top,24,6626,1K-50K
129758092,Noteworthy Band,2,0,Under 1K
129902452,Wyatt Flores,35,2884,1K-50K
133096332,Ama Louise,17,416,Under 1K
134334152,Wet Leg,14,61796,50K-500K
134709552,Sunday School Songs,22,11,Under 1K
136012742,VALORANT,44,16073,1K-50K
136485012,Carolina Gaitán - La Gaita,23,3030,1K-50K
139171932,Young Miko,53,136408,50K-500K
142015752,Gavin Adcock,58,3305,1K-50K
142821082,Yunchan Lim,21,1046,1K-50K
143900042,Carl Cox,16,195,Under 1K
145068682,LISA,16,597173,500K-5M
145336382,Danilo e Davi,44,95281,50K-500K
145468192,sombr,27,165990,50K-500K
146445062,Audrey Hobert,3,8607,1K-50K
146543992,Benson Boone,28,499078,50K-500K
146648222,Fred Robertson,3,0,Under 1K
148075452,jomm,17,467,Under 1K
148826552,Jill Butler,1,1,Under 1K
151187962,Jessica Darrow,4,1424,1K-50K
151240812,Mae Stephens,20,4914,1K-50K
153152092,Xavi,52,144418,50K-500K
158746002,Jonathan Leslie,3,1,Under 1K
161066302,Maisak,55,2500,1K-50K
161166112,4*TOWN (From Disney and Pixar’s Turning Red),2,8462,1K-50K
161314272,BNXN,45,45774,1K-50K
162866587,Cigarettes @ Sunset,16,387,Under 1K
167570077,W Sound,9,22867,1K-50K
169277537,DudePlaya,153,1013,1K-50K
171528407,Reneé Rapp,11,99860,50K-500K
174215197,Hanna Salzenstein,13,175,Under 1K
177930417,Mau P,20,7891,1K-50K
181157207,STELLA LEFTY,18,2745,1K-50K
181572967,Aeden Azora,3,13,Under 1K
189162577,ULBERT UNDERGROUND,1,1,Under 1K
189892567,Pleasurewood,8,103,Under 1K
192807517,Jack Sax Davies,5,2,Under 1K
193142737,Malcolm Todd,25,28963,1K-50K
193146897,FloyyMenor,37,40706,1K-50K
193471597,Jorge Rivera-Herrans,10,30153,1K-50K
198986137,CIL,17,3265,1K-50K
200995177,Zach John King,28,226,Under 1K
201300177,oskar med k,22,5554,1K-50K
203852657,Laila!,13,2738,1K-50K
204924487,Jazzy,76,6953,1K-50K
208800767,Tony G Turner,5,0,Under 1K
209730607,Max McNown,41,9448,1K-50K
212949977,Neton Vega,42,84046,50K-500K
222758875,Fahrenheit 702,3,6,Under 1K
222898665,TRIANGLE DES BERMUDES,13,85228,50K-500K
225789095,Tom Zygmont,11,1,Under 1K
226000935,Laza,28,28,Under 1K
231314415,803Fresh,18,492,Under 1K
241615471,The Bausa,43,5372,1K-50K
244056432,Julie Andrews,31,854,Under 1K
244659282,TWXNY,150,2841,1K-50K
248496042,Huey Lewis & The News,15,7199,1K-50K
248913582,Zhu,12,196,Under 1K
249999492,CA7RIEL & Paco Amoroso,33,14619,1K-50K
250680782,Good Neighbours,19,5027,1K-50K
252433822,Hazbin Hotel,6,14969,1K-50K
252459382,DJ P4K,165,56,Under 1K
259429362,Butter Knife Shawty,85,210,Under 1K
261498901,Hudson Westbrook,25,1712,1K-50K
261979111,Henry Mancini & His Orchestra,0,0,Under 1K
262914231,Shen Lab,9,211,Under 1K
264261321,CountryBeat,70,79080,50K-500K
265272032,SIENNA SPIRO,17,54383,50K-500K
269774012,Randy Sloan,7,6,Under 1K
271210292,KATSEYE,24,251719,50K-500K
271613792,EsDeeKid,19,33296,1K-50K
274771091,Slipping Through Worlds,1,3,Under 1K
276577691,Blake Whiten,16,1001,1K-50K
283174711,Ember Moat,1,1,Under 1K
287151801,Jade,3,212,Under 1K
289603201,Tay Iwar,50,278,Under 1K
295065921,hwungii,65,3720,1K-50K
302289351,Maphra,3,9854,1K-50K
312610241,Mack Geiger,6,118,Under 1K
321785301,Smooth Jazz Alley,7,7,Under 1K
330311461,HUNTR/X,9,232849,50K-500K
330450321,Luna Somnia,2,6,Under 1K
338703121,Bella Kay,10,10451,1K-50K
339760681,FOLA,22,2710,1K-50K
347448101,lirvie,16,415,Under 1K
370177892,Temper City,2,5572,1K-50K
371924331,ingarose,84,4112,1K-50K
372563561,Cristina Prats Costa,3,13,Under 1K
375708101,ERNEST,30,451,Under 1K
381818171,Josh Ross,36,424,Under 1K
383270211,Trace,31,114,Under 1K
386192451,Digworthy,2,0,Under 1K
391656841,Silencing Seculars,6,0,Under 1K
392039431,Eva Rose,23,42,Under 1K
409913162,KET?O,8,0,Under 1K
