,PC1,PC2,PC3,PC4,PC5,PC6,PC7,PC8,PC9,PC10
danceability,-0.0301,0.5919,0.3464,0.0044,0.2793,-0.0121,-0.0103,-0.3864,0.5206,0.1736
energy,0.6116,-0.0333,0.0928,0.0054,0.0382,-0.0733,0.0373,0.2777,-0.0464,0.7272
loudness,0.5551,0.0738,-0.0612,-0.091,-0.1198,-0.2185,-0.1434,0.2977,0.4498,-0.5484
speechiness,0.0046,0.359,-0.4152,0.0961,0.4957,0.2973,-0.4937,0.2732,-0.1909,-0.0225
acousticness,-0.4908,0.0578,-0.244,-0.0144,-0.1116,-0.0576,0.2181,0.5832,0.4829,0.2436
instrumentalness,-0.0801,-0.3031,0.4113,-0.0828,0.7253,-0.1873,0.2181,0.287,-0.0492,-0.1793
liveness,0.1644,-0.1244,-0.3822,0.7346,0.2166,-0.0482,0.3927,-0.2071,0.1519,-0.0482
valence,0.1068,0.5381,0.178,0.0535,-0.1456,0.2705,0.5694,0.278,-0.3522,-0.2111
tempo,0.1767,-0.2151,-0.296,-0.5219,0.1818,0.5761,0.3248,-0.1922,0.2347,0.0034
duration_min,-0.0025,-0.26,0.4484,0.4006,-0.1445,0.6423,-0.2347,0.175,0.2242,-0.0381
